{"ETH/USDT": 0.10921393510687737, "BTC/USDT": 0.0040069982036331055, "BNB/USDT": 0.38032858367047956, "XRP/USDT": 0.0, "DOGE/USDT": 2218.0051887789546, "ASTER/USDT": 0.0, "TAO/USDT": 0.0, "ZEC/USDT": 0.0, "SUI/USDT": 0.0, "ADA/USDT": 648.268673204006, "2Z/USDT": 0.0, "CAKE/USDT": 0.0, "AVAX/USDT": 19.895339776039794, "ENA/USDT": 0.0, "LTC/USDT": 4.602820345198605, "PAXG/USDT": 0.0, "PENGU/USDT": 18368.05358661738, "HBAR/USDT": 0.0, "YGG/USDT": 2434.1646771442624, "NEAR/USDT": 184.96448698036994, "WIF/USDT": 0.0, "CRV/USDT": 0.0, "FF/USDT": 0.0, "ARB/USDT": 0.0, "UNI/USDT": 0.0, "ALICE/USDT": 0.0, "AAVE/USDT": 1.768700634357959, "BCH/USDT": 0.8423850792813852, "DOT/USDT": 138.49557645820803, "SEI/USDT": 2010.8790001620907, "XPL/USDT": 930.369456745108, "FORM/USDT": 433.5745853843467, "WLFI/USDT": 3136.915148788422, "ENSO/USDT": 187.58700264231013, "XUSD/USDT": 0.0, "TRX/USDT": 1411.9071950290638, "SOL/USDT": 2.205283029396312, "SYRUP/USDT": 993.2294818641194, "LINK/USDT": 23.965563789891302}