{"ETH/USDT": 0.08020667656417055, "BTC/USDT": 0.002961826937786381, "BNB/USDT": 0.2797265393351459, "XRP/USDT": 133.32800021332477, "DOGE/USDT": 1634.5478023504797, "ASTER/USDT": 224.61814914645103, "TAO/USDT": 0.7605141075366948, "ZEC/USDT": 1.2788541466845706, "SUI/USDT": 118.17397572706538, "ADA/USDT": 476.9399532598846, "2Z/USDT": 1219.9287561606402, "CAKE/USDT": 99.68102073365232, "AVAX/USDT": 14.581510644502771, "ENA/USDT": 735.5104442483083, "LTC/USDT": 3.406922867266285, "PAXG/USDT": 0.07915982923641636, "PENGU/USDT": 13527.58951882364, "HBAR/USDT": 1763.9484221481364, "YGG/USDT": 1705.9024223814397, "NEAR/USDT": 135.83265417006245, "WIF/USDT": 574.7126436781609, "CRV/USDT": 548.3358008444371, "FF/USDT": 2348.2446870963954, "ARB/USDT": 974.6588693957113, "UNI/USDT": 48.99799108236562, "ALICE/USDT": 734.0527049842178, "AAVE/USDT": 1.2992412431140212, "BCH/USDT": 0.6191183754333829, "DOT/USDT": 101.9056353816366, "SEI/USDT": 1476.886722788362}